Akbar_Hashemi_Rafsanjani gitignore/lfw/Akbar_Hashemi_Rafsanjani/Akbar_Hashemi_Rafsanjani_0003.jpg
Bill_Simon gitignore/lfw/Bill_Simon/Bill_Simon_0011.jpg
Alberto_Fujimori gitignore/lfw/Alberto_Fujimori/Alberto_Fujimori_0001.jpg
Andy_Roddick gitignore/lfw/Andy_Roddick/Andy_Roddick_0004.jpg
Ashraf_Ghani gitignore/lfw/Ashraf_Ghani/Ashraf_Ghani_0001.jpg
Bo_Pelini gitignore/lfw/Bo_Pelini/Bo_Pelini_0002.jpg
Alejandro_Toledo gitignore/lfw/Alejandro_Toledo/Alejandro_Toledo_0038.jpg
Alan_Stonecipher gitignore/lfw/Alan_Stonecipher/Alan_Stonecipher_0001.jpg
Barbara_Roberts gitignore/lfw/Barbara_Roberts/Barbara_Roberts_0001.jpg
Brenda_Magana gitignore/lfw/Brenda_Magana/Brenda_Magana_0001.jpg
Bill_Simon gitignore/lfw/Bill_Simon/Bill_Simon_0012.jpg
Aitor_Gonzalez gitignore/lfw/Aitor_Gonzalez/Aitor_Gonzalez_0001.jpg
Atal_Bihari_Vajpayee gitignore/lfw/Atal_Bihari_Vajpayee/Atal_Bihari_Vajpayee_0024.jpg
Bijan_Darvish gitignore/lfw/Bijan_Darvish/Bijan_Darvish_0003.jpg
Anthony_Lee_Johnson gitignore/lfw/Anthony_Lee_Johnson/Anthony_Lee_Johnson_0001.jpg
Angela_Bassett gitignore/lfw/Angela_Bassett/Angela_Bassett_0002.jpg
Alison_Krauss gitignore/lfw/Alison_Krauss/Alison_Krauss_0001.jpg
Atal_Bihari_Vajpayee gitignore/lfw/Atal_Bihari_Vajpayee/Atal_Bihari_Vajpayee_0010.jpg
Allen_Iverson gitignore/lfw/Allen_Iverson/Allen_Iverson_0002.jpg
Angelo_Reyes gitignore/lfw/Angelo_Reyes/Angelo_Reyes_0002.jpg
Bill_Curry gitignore/lfw/Bill_Curry/Bill_Curry_0001.jpg
Bill_Clinton gitignore/lfw/Bill_Clinton/Bill_Clinton_0029.jpg
Ally_Sheedy gitignore/lfw/Ally_Sheedy/Ally_Sheedy_0001.jpg
Alvaro_Uribe gitignore/lfw/Alvaro_Uribe/Alvaro_Uribe_0030.jpg
Alan_Greenspan gitignore/lfw/Alan_Greenspan/Alan_Greenspan_0005.jpg
Aitor_Gonzalez gitignore/lfw/Aitor_Gonzalez/Aitor_Gonzalez_0002.jpg
Barbra_Streisand gitignore/lfw/Barbra_Streisand/Barbra_Streisand_0003.jpg
Alvaro_Uribe gitignore/lfw/Alvaro_Uribe/Alvaro_Uribe_0029.jpg
Brendan_Fraser gitignore/lfw/Brendan_Fraser/Brendan_Fraser_0001.jpg
Ariel_Sharon gitignore/lfw/Ariel_Sharon/Ariel_Sharon_0011.jpg
Ali_Naimi gitignore/lfw/Ali_Naimi/Ali_Naimi_0005.jpg
Alejandro_Atchugarry gitignore/lfw/Alejandro_Atchugarry/Alejandro_Atchugarry_0002.jpg
Ari_Fleischer gitignore/lfw/Ari_Fleischer/Ari_Fleischer_0007.jpg
Al_Gore gitignore/lfw/Al_Gore/Al_Gore_0006.jpg
Adrien_Brody gitignore/lfw/Adrien_Brody/Adrien_Brody_0003.jpg
Alexis_Dennisoff gitignore/lfw/Alexis_Dennisoff/Alexis_Dennisoff_0001.jpg
Alicia_Hollowell gitignore/lfw/Alicia_Hollowell/Alicia_Hollowell_0001.jpg
Bill_Simon gitignore/lfw/Bill_Simon/Bill_Simon_0015.jpg
Billy_Donovan gitignore/lfw/Billy_Donovan/Billy_Donovan_0001.jpg
Bryant_Young gitignore/lfw/Bryant_Young/Bryant_Young_0001.jpg
Arnold_Schwarzenegger gitignore/lfw/Arnold_Schwarzenegger/Arnold_Schwarzenegger_0018.jpg
Bill_Sizemore gitignore/lfw/Bill_Sizemore/Bill_Sizemore_0001.jpg
Ariel_Sharon gitignore/lfw/Ariel_Sharon/Ariel_Sharon_0044.jpg
Brian_Griese gitignore/lfw/Brian_Griese/Brian_Griese_0001.jpg
Alejandro_Toledo gitignore/lfw/Alejandro_Toledo/Alejandro_Toledo_0032.jpg
Bill_Clinton gitignore/lfw/Bill_Clinton/Bill_Clinton_0017.jpg
Bob_Huggins gitignore/lfw/Bob_Huggins/Bob_Huggins_0003.jpg
Avril_Lavigne gitignore/lfw/Avril_Lavigne/Avril_Lavigne_0001.jpg
Boris_Becker gitignore/lfw/Boris_Becker/Boris_Becker_0002.jpg
Barbra_Streisand gitignore/lfw/Barbra_Streisand/Barbra_Streisand_0001.jpg
Albert_Costa gitignore/lfw/Albert_Costa/Albert_Costa_0001.jpg
Bill_Clinton gitignore/lfw/Bill_Clinton/Bill_Clinton_0022.jpg
Adolfo_Rodriguez_Saa gitignore/lfw/Adolfo_Rodriguez_Saa/Adolfo_Rodriguez_Saa_0001.jpg
Adrien_Brody gitignore/lfw/Adrien_Brody/Adrien_Brody_0004.jpg
Amelie_Mauresmo gitignore/lfw/Amelie_Mauresmo/Amelie_Mauresmo_0019.jpg
Ali_Abdullah_Saleh gitignore/lfw/Ali_Abdullah_Saleh/Ali_Abdullah_Saleh_0001.jpg
Anjum_Hussain gitignore/lfw/Anjum_Hussain/Anjum_Hussain_0001.jpg
Al_Leiter gitignore/lfw/Al_Leiter/Al_Leiter_0001.jpg
Ari_Fleischer gitignore/lfw/Ari_Fleischer/Ari_Fleischer_0011.jpg
Alexander_Downer gitignore/lfw/Alexander_Downer/Alexander_Downer_0002.jpg
Bob_Beauprez gitignore/lfw/Bob_Beauprez/Bob_Beauprez_0001.jpg
Ariel_Sharon gitignore/lfw/Ariel_Sharon/Ariel_Sharon_0005.jpg
Bode_Miller gitignore/lfw/Bode_Miller/Bode_Miller_0001.jpg
Angelo_Reyes gitignore/lfw/Angelo_Reyes/Angelo_Reyes_0004.jpg
Ashanti gitignore/lfw/Ashanti/Ashanti_0002.jpg
Ariel_Sharon gitignore/lfw/Ariel_Sharon/Ariel_Sharon_0037.jpg
Aldo_Paredes gitignore/lfw/Aldo_Paredes/Aldo_Paredes_0002.jpg
Andy_Roddick gitignore/lfw/Andy_Roddick/Andy_Roddick_0015.jpg
Andre_Agassi gitignore/lfw/Andre_Agassi/Andre_Agassi_0012.jpg
Brendan_Hansen gitignore/lfw/Brendan_Hansen/Brendan_Hansen_0002.jpg
Arminio_Fraga gitignore/lfw/Arminio_Fraga/Arminio_Fraga_0002.jpg
Angel_Lockward gitignore/lfw/Angel_Lockward/Angel_Lockward_0001.jpg
Abdullah_Nasseef gitignore/lfw/Abdullah_Nasseef/Abdullah_Nasseef_0001.jpg
Aaron_Sorkin gitignore/lfw/Aaron_Sorkin/Aaron_Sorkin_0002.jpg
Brian_Billick gitignore/lfw/Brian_Billick/Brian_Billick_0001.jpg
Jim_Ryan gitignore/lfw/Jim_Ryan/Jim_Ryan_0001.jpg
George_W_Bush gitignore/lfw/George_W_Bush/George_W_Bush_0297.jpg
Tom_Daschle gitignore/lfw/Tom_Daschle/Tom_Daschle_0021.jpg
Stephen_Friedman gitignore/lfw/Stephen_Friedman/Stephen_Friedman_0002.jpg
Fernando_Gonzalez gitignore/lfw/Fernando_Gonzalez/Fernando_Gonzalez_0009.jpg
Tom_Daschle gitignore/lfw/Tom_Daschle/Tom_Daschle_0015.jpg
John_Negroponte gitignore/lfw/John_Negroponte/John_Negroponte_0024.jpg
Robert_Blake gitignore/lfw/Robert_Blake/Robert_Blake_0003.jpg
Tim_Henman gitignore/lfw/Tim_Henman/Tim_Henman_0002.jpg
Winona_Ryder gitignore/lfw/Winona_Ryder/Winona_Ryder_0020.jpg
Meryl_Streep gitignore/lfw/Meryl_Streep/Meryl_Streep_0001.jpg
Rogerio_Romero gitignore/lfw/Rogerio_Romero/Rogerio_Romero_0002.jpg
Lleyton_Hewitt gitignore/lfw/Lleyton_Hewitt/Lleyton_Hewitt_0017.jpg
Halle_Berry gitignore/lfw/Halle_Berry/Halle_Berry_0015.jpg
Ted_Washington gitignore/lfw/Ted_Washington/Ted_Washington_0001.jpg
Jerry_Lewis gitignore/lfw/Jerry_Lewis/Jerry_Lewis_0001.jpg
James_Wolfensohn gitignore/lfw/James_Wolfensohn/James_Wolfensohn_0001.jpg
John_Petty gitignore/lfw/John_Petty/John_Petty_0001.jpg
William_Donaldson gitignore/lfw/William_Donaldson/William_Donaldson_0002.jpg
Natalie_Coughlin gitignore/lfw/Natalie_Coughlin/Natalie_Coughlin_0005.jpg
Gerry_Adams gitignore/lfw/Gerry_Adams/Gerry_Adams_0007.jpg
Isidro_Pastor gitignore/lfw/Isidro_Pastor/Isidro_Pastor_0001.jpg
Yashwant_Sinha gitignore/lfw/Yashwant_Sinha/Yashwant_Sinha_0005.jpg
Tony_Blair gitignore/lfw/Tony_Blair/Tony_Blair_0101.jpg
Nestor_Gonzalez gitignore/lfw/Nestor_Gonzalez/Nestor_Gonzalez_0001.jpg
Tirunesh_Dibaba gitignore/lfw/Tirunesh_Dibaba/Tirunesh_Dibaba_0001.jpg
Marco_Archer_Cardoso_Moreira gitignore/lfw/Marco_Archer_Cardoso_Moreira/Marco_Archer_Cardoso_Moreira_0001.jpg
John_Bolton gitignore/lfw/John_Bolton/John_Bolton_0002.jpg
Pierre_Boulanger gitignore/lfw/Pierre_Boulanger/Pierre_Boulanger_0001.jpg
Sylvester_Stallone gitignore/lfw/Sylvester_Stallone/Sylvester_Stallone_0008.jpg
Ray_Romano gitignore/lfw/Ray_Romano/Ray_Romano_0006.jpg
Kalpana_Chawla gitignore/lfw/Kalpana_Chawla/Kalpana_Chawla_0003.jpg
Recep_Tayyip_Erdogan gitignore/lfw/Recep_Tayyip_Erdogan/Recep_Tayyip_Erdogan_0012.jpg
Eduard_Limonov gitignore/lfw/Eduard_Limonov/Eduard_Limonov_0001.jpg
Felix_Mantilla gitignore/lfw/Felix_Mantilla/Felix_Mantilla_0001.jpg
Hootie_Johnson gitignore/lfw/Hootie_Johnson/Hootie_Johnson_0001.jpg
Sadie_Frost gitignore/lfw/Sadie_Frost/Sadie_Frost_0002.jpg
Thomas_Franklin gitignore/lfw/Thomas_Franklin/Thomas_Franklin_0001.jpg
Michael_Taylor gitignore/lfw/Michael_Taylor/Michael_Taylor_0001.jpg
Juan_Ignacio_Chela gitignore/lfw/Juan_Ignacio_Chela/Juan_Ignacio_Chela_0001.jpg
Gloria_Macapagal_Arroyo gitignore/lfw/Gloria_Macapagal_Arroyo/Gloria_Macapagal_Arroyo_0013.jpg
Pupi_Avati gitignore/lfw/Pupi_Avati/Pupi_Avati_0001.jpg
Zara_Akhmadova gitignore/lfw/Zara_Akhmadova/Zara_Akhmadova_0001.jpg
Toshihiko_Fukui gitignore/lfw/Toshihiko_Fukui/Toshihiko_Fukui_0002.jpg
Sepp_Blatter gitignore/lfw/Sepp_Blatter/Sepp_Blatter_0002.jpg
Rosny_Desroches gitignore/lfw/Rosny_Desroches/Rosny_Desroches_0001.jpg
Ian_Wilmut gitignore/lfw/Ian_Wilmut/Ian_Wilmut_0001.jpg
Jack_Straw gitignore/lfw/Jack_Straw/Jack_Straw_0006.jpg
Lleyton_Hewitt gitignore/lfw/Lleyton_Hewitt/Lleyton_Hewitt_0038.jpg
Francis_Ford_Coppola gitignore/lfw/Francis_Ford_Coppola/Francis_Ford_Coppola_0001.jpg
Michael_Weiss gitignore/lfw/Michael_Weiss/Michael_Weiss_0001.jpg
Tom_Hanks gitignore/lfw/Tom_Hanks/Tom_Hanks_0007.jpg
Sergey_Lavrov gitignore/lfw/Sergey_Lavrov/Sergey_Lavrov_0005.jpg
Peter_Mugyeni gitignore/lfw/Peter_Mugyeni/Peter_Mugyeni_0001.jpg
Mariah_Carey gitignore/lfw/Mariah_Carey/Mariah_Carey_0001.jpg
Henry_Hyde gitignore/lfw/Henry_Hyde/Henry_Hyde_0001.jpg
Sourav_Ganguly gitignore/lfw/Sourav_Ganguly/Sourav_Ganguly_0003.jpg
Guillermo_Coria gitignore/lfw/Guillermo_Coria/Guillermo_Coria_0024.jpg
Gary_Barnett gitignore/lfw/Gary_Barnett/Gary_Barnett_0001.jpg
Takaloo gitignore/lfw/Takaloo/Takaloo_0001.jpg
George_W_Bush gitignore/lfw/George_W_Bush/George_W_Bush_0145.jpg
Elizabeth_Dole gitignore/lfw/Elizabeth_Dole/Elizabeth_Dole_0004.jpg
Toshihiko_Fukui gitignore/lfw/Toshihiko_Fukui/Toshihiko_Fukui_0003.jpg
Sergey_Lavrov gitignore/lfw/Sergey_Lavrov/Sergey_Lavrov_0004.jpg
Johnny_Carson gitignore/lfw/Johnny_Carson/Johnny_Carson_0002.jpg
Larry_Bowa gitignore/lfw/Larry_Bowa/Larry_Bowa_0002.jpg
Nathan_Lane gitignore/lfw/Nathan_Lane/Nathan_Lane_0002.jpg
Stephane_Rochon gitignore/lfw/Stephane_Rochon/Stephane_Rochon_0001.jpg
Hamid_Karzai gitignore/lfw/Hamid_Karzai/Hamid_Karzai_0003.jpg
Maria_Bello gitignore/lfw/Maria_Bello/Maria_Bello_0001.jpg
Jean_Chretien gitignore/lfw/Jean_Chretien/Jean_Chretien_0028.jpg
George_W_Bush gitignore/lfw/George_W_Bush/George_W_Bush_0258.jpg
John_Reid gitignore/lfw/John_Reid/John_Reid_0001.jpg
Slobodan_Milosevic gitignore/lfw/Slobodan_Milosevic/Slobodan_Milosevic_0004.jpg
Yusuf_Misbac gitignore/lfw/Yusuf_Misbac/Yusuf_Misbac_0001.jpg
Grady_Irvin_Jr gitignore/lfw/Grady_Irvin_Jr/Grady_Irvin_Jr_0002.jpg
William_Morrow gitignore/lfw/William_Morrow/William_Morrow_0001.jpg
Janine_Pietsch gitignore/lfw/Janine_Pietsch/Janine_Pietsch_0001.jpg
George_W_Bush gitignore/lfw/George_W_Bush/George_W_Bush_0147.jpg
George_W_Bush gitignore/lfw/George_W_Bush/George_W_Bush_0305.jpg
Molly_Sims gitignore/lfw/Molly_Sims/Molly_Sims_0001.jpg
Roh_Moo-hyun gitignore/lfw/Roh_Moo-hyun/Roh_Moo-hyun_0004.jpg
John_Reid gitignore/lfw/John_Reid/John_Reid_0002.jpg
Recep_Tayyip_Erdogan gitignore/lfw/Recep_Tayyip_Erdogan/Recep_Tayyip_Erdogan_0010.jpg
Laura_Bush gitignore/lfw/Laura_Bush/Laura_Bush_0038.jpg
George_W_Bush gitignore/lfw/George_W_Bush/George_W_Bush_0031.jpg
Parris_Glendening gitignore/lfw/Parris_Glendening/Parris_Glendening_0002.jpg
Tang_Jiaxuan gitignore/lfw/Tang_Jiaxuan/Tang_Jiaxuan_0010.jpg
Recep_Tayyip_Erdogan gitignore/lfw/Recep_Tayyip_Erdogan/Recep_Tayyip_Erdogan_0014.jpg
Jennifer_Capriati gitignore/lfw/Jennifer_Capriati/Jennifer_Capriati_0038.jpg
Gloria_Macapagal_Arroyo gitignore/lfw/Gloria_Macapagal_Arroyo/Gloria_Macapagal_Arroyo_0023.jpg
Steve_Lavin gitignore/lfw/Steve_Lavin/Steve_Lavin_0006.jpg
Richard_Haass gitignore/lfw/Richard_Haass/Richard_Haass_0001.jpg
Sedigh_Barmak gitignore/lfw/Sedigh_Barmak/Sedigh_Barmak_0001.jpg
Wilbert_Foy gitignore/lfw/Wilbert_Foy/Wilbert_Foy_0001.jpg
John_Manley gitignore/lfw/John_Manley/John_Manley_0006.jpg
Michael_Schumacher gitignore/lfw/Michael_Schumacher/Michael_Schumacher_0003.jpg
Joshua_Davey gitignore/lfw/Joshua_Davey/Joshua_Davey_0001.jpg
Mike_Brey gitignore/lfw/Mike_Brey/Mike_Brey_0002.jpg
Lynne_Thigpen gitignore/lfw/Lynne_Thigpen/Lynne_Thigpen_0001.jpg
Junichiro_Koizumi gitignore/lfw/Junichiro_Koizumi/Junichiro_Koizumi_0021.jpg
Stan_Heath gitignore/lfw/Stan_Heath/Stan_Heath_0002.jpg
Megawati_Sukarnoputri gitignore/lfw/Megawati_Sukarnoputri/Megawati_Sukarnoputri_0003.jpg
Dick_Cheney gitignore/lfw/Dick_Cheney/Dick_Cheney_0003.jpg
Vanessa_Incontrada gitignore/lfw/Vanessa_Incontrada/Vanessa_Incontrada_0001.jpg
Hugo_Chavez gitignore/lfw/Hugo_Chavez/Hugo_Chavez_0056.jpg
Mikhail_Youzhny gitignore/lfw/Mikhail_Youzhny/Mikhail_Youzhny_0002.jpg
Jiang_Zemin gitignore/lfw/Jiang_Zemin/Jiang_Zemin_0007.jpg
Kate_Hudson gitignore/lfw/Kate_Hudson/Kate_Hudson_0002.jpg
S_Jayakumar gitignore/lfw/S_Jayakumar/S_Jayakumar_0002.jpg
Tommy_Haas gitignore/lfw/Tommy_Haas/Tommy_Haas_0003.jpg
Sean_Combs gitignore/lfw/Sean_Combs/Sean_Combs_0001.jpg
Jeremy_Greenstock gitignore/lfw/Jeremy_Greenstock/Jeremy_Greenstock_0023.jpg
Thomas_Ferguson gitignore/lfw/Thomas_Ferguson/Thomas_Ferguson_0001.jpg
Guillermo_Coria gitignore/lfw/Guillermo_Coria/Guillermo_Coria_0011.jpg
George_Robertson gitignore/lfw/George_Robertson/George_Robertson_0002.jpg
James_Brazelton gitignore/lfw/James_Brazelton/James_Brazelton_0001.jpg
Leonardo_Del_Vecchio gitignore/lfw/Leonardo_Del_Vecchio/Leonardo_Del_Vecchio_0001.jpg
Geoff_Hoon gitignore/lfw/Geoff_Hoon/Geoff_Hoon_0003.jpg
Sophia_Loren gitignore/lfw/Sophia_Loren/Sophia_Loren_0002.jpg
Norbert_van_Heyst gitignore/lfw/Norbert_van_Heyst/Norbert_van_Heyst_0001.jpg
George_W_Bush gitignore/lfw/George_W_Bush/George_W_Bush_0474.jpg
Norah_Jones gitignore/lfw/Norah_Jones/Norah_Jones_0014.jpg
Hans_Blix gitignore/lfw/Hans_Blix/Hans_Blix_0002.jpg
James_Wolfensohn gitignore/lfw/James_Wolfensohn/James_Wolfensohn_0005.jpg
Sally_Field gitignore/lfw/Sally_Field/Sally_Field_0001.jpg
Hamid_Karzai gitignore/lfw/Hamid_Karzai/Hamid_Karzai_0014.jpg
Mahmoud_Abbas gitignore/lfw/Mahmoud_Abbas/Mahmoud_Abbas_0005.jpg
Eva_Amurri gitignore/lfw/Eva_Amurri/Eva_Amurri_0001.jpg
Thad_Matta gitignore/lfw/Thad_Matta/Thad_Matta_0001.jpg
Jude_Law gitignore/lfw/Jude_Law/Jude_Law_0002.jpg
Kathleen_Glynn gitignore/lfw/Kathleen_Glynn/Kathleen_Glynn_0001.jpg
Salma_Hayek gitignore/lfw/Salma_Hayek/Salma_Hayek_0013.jpg
Heizo_Takenaka gitignore/lfw/Heizo_Takenaka/Heizo_Takenaka_0007.jpg
Jacques_Chirac gitignore/lfw/Jacques_Chirac/Jacques_Chirac_0007.jpg
Tony_Blair gitignore/lfw/Tony_Blair/Tony_Blair_0093.jpg
Junichiro_Koizumi gitignore/lfw/Junichiro_Koizumi/Junichiro_Koizumi_0025.jpg
Fayssal_Mekdad gitignore/lfw/Fayssal_Mekdad/Fayssal_Mekdad_0004.jpg
Muhammad_Saeed_al-Sahhaf gitignore/lfw/Muhammad_Saeed_al-Sahhaf/Muhammad_Saeed_al-Sahhaf_0002.jpg
Russ_Ortiz gitignore/lfw/Russ_Ortiz/Russ_Ortiz_0001.jpg
Silvia_Farina_Elia gitignore/lfw/Silvia_Farina_Elia/Silvia_Farina_Elia_0001.jpg
Ralph_Sampson gitignore/lfw/Ralph_Sampson/Ralph_Sampson_0001.jpg
Tom_Ridge gitignore/lfw/Tom_Ridge/Tom_Ridge_0027.jpg
Ray_Romano gitignore/lfw/Ray_Romano/Ray_Romano_0003.jpg
Ian_Smith gitignore/lfw/Ian_Smith/Ian_Smith_0001.jpg
Hugo_Chavez gitignore/lfw/Hugo_Chavez/Hugo_Chavez_0028.jpg
Drew_Bledsoe gitignore/lfw/Drew_Bledsoe/Drew_Bledsoe_0001.jpg
Frank_Schmoekel gitignore/lfw/Frank_Schmoekel/Frank_Schmoekel_0001.jpg
Katherine_Harris gitignore/lfw/Katherine_Harris/Katherine_Harris_0003.jpg
Fatma_Kusibeh gitignore/lfw/Fatma_Kusibeh/Fatma_Kusibeh_0001.jpg
